model,response_time,keyword_coverage,similarity_score,input_tokens,output_tokens,tokens_per_second,hallucination_score,overall_bias,political_bias,regional_bias,recency_bias,source_bias,confirmation_bias,keyword_coverage_rank,similarity_score_rank,tokens_per_second_rank,response_time_rank,hallucination_score_rank,overall_bias_rank,political_bias_rank,regional_bias_rank,recency_bias_rank,source_bias_rank,confirmation_bias_rank,average_rank
chatgpt,6.343345131192889,0.8285714285714285,0.7550605075955387,12.142857142857142,366.2857142857143,52.56726571816997,0.07142857142857142,0.17142857142857143,0.05714285714285715,0.17142857142857143,0.18571428571428572,0.17142857142857143,0.08571428571428572,1.0,2.0,3.0,3.0,1.0,1.0,1.0,1.0,2.0,3.0,1.0,1.7272727272727273
llama,1.7207682473318917,0.7999999999999999,0.8041870346632424,12.142857142857142,394.85714285714283,218.66470822967997,0.35714285714285715,0.21571428571428572,0.14285714285714285,0.21428571428571427,0.19999999999999998,0.1285714285714286,0.15714285714285717,3.0,1.0,1.0,1.0,3.0,2.0,2.0,2.0,3.0,1.0,2.0,1.9090909090909092
deepseek,3.340588535581316,0.8047619047619048,0.6577641250710035,12.142857142857142,641.7142857142857,195.2485827490761,0.2857142857142857,0.2571428571428572,0.15714285714285717,0.3,0.17142857142857143,0.15714285714285717,0.2285714285714286,2.0,3.0,2.0,2.0,2.0,3.0,3.0,3.0,1.0,2.0,3.0,2.3636363636363638
