model,response_time,keyword_coverage,input_tokens,output_tokens,tokens_per_second,keyword_coverage_rank,tokens_per_second_rank,response_time_rank,average_rank
deepseek,0.8035708836146763,0.07619047619047618,12.142857142857142,38.714285714285715,48.178329645287256,2.0,1.0,1.0,1.3333333333333333
chatgpt,1.2036806174686976,0.1285714285714286,12.142857142857142,45.857142857142854,38.09762251099293,1.0,2.0,2.0,1.6666666666666667
llama,1.5040511063167028,0.05238095238095238,12.142857142857142,37.714285714285715,25.07518592543546,3.0,3.0,3.0,3.0
